<?xml version="1.0" encoding="UTF-8"?>
<!DOCTYPE mapper PUBLIC "-//mybatis.org//DTD Mapper 3.0//EN"
  "http://mybatis.org/dtd/mybatis-3-mapper.dtd">
<mapper namespace="com.jquerykorea.poll.PollDao">
   
   <update id="updatePoll" parameterType="hashmap">
       update poll set count=#{count}+1 where polloption=#{option}
   </update>
 
   <select id="getPoll" parameterType="String" resultType="Poll">
       select * from poll where polloption=#{poll}
   </select>
   
   <select id="getCount" resultType="int">
       select count(*) from poll
   </select>
  
   <insert id="makePoll" parameterType="hashmap">
       insert into poll values(#{polloption},#{count})
   </insert>

</mapper>