<?xml version="1.0" encoding="UTF-8"?>
<!DOCTYPE log4j:configuration SYSTEM 
	"http://logging.apache.org/log4j/1.2/apidocs/org/apache/log4j/xml/doc-files/log4j.dtd">
<log4j:configuration xmlns:log4j="http://jakarta.apache.org/log4j/">
	<appender name="console" class="org.apache.log4j.ConsoleAppender">
		<layout class="org.apache.log4j.PatternLayout">
			<param name="ConversionPattern" 
				value="%d{yyyy-MM-dd HH:mm:ss}[%-5p](%-35c{1}:%-3L %m%n)"/>
		</layout>	
	</appender>
	<root>
		<level value="DEBUG"/>
		<appender-ref ref="console"/>
	</root>
</log4j:configuration>	
	