<?xml version="1.0" encoding="UTF-8"?>
<!DOCTYPE configuration PUBLIC "-//mybatis.org//DTD Config 3.0//EN"
  "http://mybatis.org/dtd/mybatis-3-config.dtd">
<!-- MyBatis Framework 주환경설정 파일 -->
<!-- DataSource 객체를 생성하기 위한 환경설정 -->
<!-- Mapper 파일(SQL 명령을 사용하기 위한 파일) 지정 : XML 또는 Interface -->
<configuration>
	<!-- 환경설정 정보를 사용하기 위한 속성 및 속성값을 저장하기 위한 엘리먼트 -->
	<!-- <properties resource="db.properties"/>  -->
	<properties>
		<property name="driver" value="oracle.jdbc.driver.OracleDriver"/>
		<property name="url" value="jdbc:oracle:thin:@localhost:1521:XE"/>
		<property name="username" value="scott"/>
		<property name="password" value="tiger"/>
	</properties>
	
	<!-- myBatis 실행시 필요한 정보를 조절하기 위한 엘리먼트  -->
	<settings>
		<setting name="cacheEnabled" value="false"/>
		<setting name="useGeneratedKeys" value="true"/>
		<setting name="mapUnderscoreToCamelCase" value="true"/>
		<setting name="jdbcTypeForNull" value="NULL"/>
		<setting name="callSettersOnNulls" value="true"/>
	</settings>
	
	<!-- Java 클래스의 경로를 보다 쉽게 표현하기 위한 별명 설정하는 엘리먼트  -->
	<typeAliases>
		<typeAlias type="com.acorn.userinfo.UserDTO" alias="UserDTO"/>
		<!-- package 엘리먼트에 선언된 패키지의 Java 클래스는 Mapper 파일에서 패키지명을 생략할 수 있다. -->
		<package name="com.acorn.dto"/>
	</typeAliases>
	
	<!-- DateSource 객체를 생성하기 위한 정보를 저장하기 위한 엘리먼트 -->
	<environments default="development">
		<environment id="development">
			<transactionManager type="JDBC"/>
			<dataSource type="POOLED">
				<property name="driver" value="${driver}"/>
				<property name="url" value="${url}"/>
				<property name="username" value="${username}"/>
				<property name="password" value="${password}"/>
			</dataSource>
		</environment>
	</environments>
	
	<!-- myBatis의 Mapper 파일 지정 -->
	<mappers>
		<!-- Mapper 파일은 XML 파일을 사용(myBatis는 Interface 사용 가능) -->
		<mapper resource="com/acorn/mapper/MyMemberXMLMapper.xml"/>
		<mapper class="com.acorn.mapper.MyMemberInterfaceMapper"/>
		<mapper resource="com/acorn/mapper/MyMemberXMLInterfaceMapper.xml"/>
		<mapper resource="com/acorn/userinfo/UserMapper.xml"/>
		<mapper resource="com/acorn/mapper/MyUserMapper.xml"/>
		<mapper resource="com/acorn/mapper/MyCommentMapper.xml"/>
		<mapper resource="com/acorn/mapper/MyReplyMapper.xml"/>
		<mapper resource="com/acorn/mapper/MyHewonMapper.xml"/>
		<!-- <package name="com.acorn.mapper"/> -->
	</mappers>
</configuration>  