<?xml version="1.0" encoding="UTF-8"?>
<!DOCTYPE mapper PUBLIC "-//mybatis.org//DTD Mapper 3.0//EN"
  "http://mybatis.org/dtd/mybatis-3-mapper.dtd">
<mapper namespace="com.acorn.mapper.MyCommentMapper">
	<!-- 검색된 결과를 원하는 형태의 데이타 타입으로 변환하는 엘리먼트 -->
	<resultMap type="MyComment2" id="MyComment2ResultMap">
		<!-- id 또는 result 엘리먼트 : 검색된 컬럼명의 값을 DTO 클래스의 필드명으로 전달하기 위한 엘리먼트 -->
		<!-- primary key가 부여된 컬럼을 원하는 필드에 전달하기 위한 엘리먼트 -->
		<id column="comment_no" property="num"/>
		<!-- 검색된 컬럼을 원하는 필드에 전달하기 위한 엘리먼트 -->
		<result column="user_id" property="id"/>
		<result column="comment_content" property="content"/>
		<result column="comment_date" property="regDate"/>
	</resultMap>
	
	<resultMap type="MyComment3" id="MyComment3ResultMap">
		<!-- property 속성에 선언된 필드의 setter 메소드를 호출하여 검색된 결과를 필드에 전달 -->
		<id column="comment_no" property="num"/>
		<result column="user_name" property="name"/>
		<result column="comment_content" property="content"/>
		<result column="comment_date" property="regDate"/>
	</resultMap>
	
	<resultMap type="MyComment3" id="MyComment3ConstructorResultMap">
		<!-- 검색된 결과를 클래스의 생성자를 이용하여 필드에 전달 -->
		<constructor>
			<idArg column="comment_no" javaType="int"/>
			<arg column="user_name" javaType="String"/>
			<arg column="comment_content" javaType="String"/>
			<arg column="comment_date" javaType="String"/>
		</constructor>
	</resultMap>
	
	<resultMap type="MyCommentUser" id="AssociationResultMap">
		<id column="comment_no" property="num"/>
		<result column="user_id" property="id"/>
		<result column="comment_content" property="content"/>
		<result column="comment_date" property="regDate"/>
		<!-- 
		<result column="user_id_1" property="userId"/>
		<result column="user_name" property="userName"/>
		-->
		<!-- 1:1 관계의 Join 검색결과를 포함객체의 필드에 저장할 경우 사용되는 엘리먼트 -->
		<!-- property : 포함객체명 -->
		<!-- column : 연결조건으로 사용된 컬럼명 -->
		<!-- javaType : 포함객체에 대한 데이타타입(클래스명) -->
		<association property="user" column="user_id" javaType="MyUser">
			<id column="user_id_1" property="userId"/>
			<result column="user_name" property="userName"/>
		</association> 
	</resultMap>
	
	<resultMap type="MyCommentUserReply1" id="collectionResultMap1">
		<id column="comment_no" property="num"/>
		<result column="comment_name" property="name"/>
		<result column="comment_content" property="content"/>
		<result column="comment_date" property="regDate"/>
		<!-- 1:N 관계의 Join 검색결과를 List객체의 필드에 저장할 경우 사용되는 엘리먼트 -->
		<!-- property : List객체명 -->
		<!-- ofType : List 객체에 저장된 데이타타입(클래스명) -->
		<collection property="replies" ofType="MyReply">
			<id column="reply_no" property="rNo"/>
			<result column="reply_name" property="rId"/>
			<result column="reply_content" property="rContent"/>
			<result column="reply_date" property="rDate"/>			
		</collection>
	</resultMap>
	
	<resultMap type="MyCommentUserReply2" id="collectionResultMap2">
		<!-- 
		<association property="comment" column="comment_no" javaType="MyComment3">
			<id column="comment_no" property="num"/>
			<result column="user_name" property="name"/>
			<result column="comment_content" property="content"/>
			<result column="comment_date" property="regDate"/>
		</association>
		 -->
		<!-- resultMap : 다른 resultMap 엘리먼트의 id를 이용하여 값 전달 --> 
		<association property="comment" column="comment_no" javaType="MyComment3" resultMap="MyComment3ResultMap"/>
		 
		<collection property="replies" ofType="MyReply">
			<id column="reply_no" property="rNo"/>
			<result column="reply_name" property="rId"/>
			<result column="reply_content" property="rContent"/>
			<result column="reply_date" property="rDate"/>			
		</collection>
	</resultMap>
	
	<insert id="insertComment" parameterType="MyComment1">
		<!-- 자동증가 관련 정보를 얻어오기 위해 사용하는 엘리먼트 -->
		<selectKey keyProperty="commentNo" resultType="int" order="BEFORE">
			select comment_seq.nextval from dual
		</selectKey>
		<!-- insert into mycomment values(comment_seq.nextval,#{userId},#{commentContent},sysdate) -->
		insert into mycomment values(#{commentNo},#{userId},#{commentContent},sysdate)
	</insert>	
	
	<select id="getCommentList1" resultType="MyComment1">
		select * from mycomment order by comment_no desc
	</select>
	
	<!--  
	<select id="getCommentList2" resultType="MyComment2">
		select comment_no as num,user_id as id,comment_content as content
			,comment_date as regDate from mycomment order by comment_no desc
	</select>
	-->
	
	<select id="getCommentList2" resultMap="MyComment2ResultMap">
		select * from mycomment order by comment_no desc
	</select>
	
	<!-- 
	<select id="getCommentList3" resultMap="MyComment3ResultMap">
		select * from mycomment c join myuser u on c.user_id=u.user_id
			order by comment_no desc
	</select>
	 -->
	<select id="getCommentList3" resultMap="MyComment3ConstructorResultMap">
		select * from mycomment c join myuser u on c.user_id=u.user_id
			order by comment_no desc
	</select>
	
	<select id="getCommentUserList" resultMap="AssociationResultMap">
		select * from mycomment c join myuser u on c.user_id=u.user_id
			order by comment_no desc
	</select> 
	
	<select id="getCommentUserReply1" parameterType="int" resultMap="collectionResultMap1">
		select c.comment_no,cu.user_name as comment_name,comment_content,comment_date
			,reply_no,ru.user_name as reply_name,reply_content,reply_date
			from mycomment c join myuser cu on c.user_id=cu.user_id 
			left join myreply r on c.comment_no=r.comment_no 
			left join myuser ru on r.user_id=ru.user_id 
			where c.comment_no=#{cnum} order by reply_no desc
	</select>
	
	<select id="getCommentUserReply2" parameterType="int" resultMap="collectionResultMap2">
		select c.comment_no,cu.user_name,comment_content,comment_date
			,reply_no,ru.user_name as reply_name,reply_content,reply_date
			from mycomment c join myuser cu on c.user_id=cu.user_id 
			left join myreply r on c.comment_no=r.comment_no 
			left join myuser ru on r.user_id=ru.user_id 
			where c.comment_no=#{cnum} order by reply_no desc
	</select>
</mapper>  