<?xml version="1.0" encoding="UTF-8"?>
<!DOCTYPE mapper PUBLIC "-//mybatis.org//DTD Mapper 3.0//EN"
  "http://mybatis.org/dtd/mybatis-3-mapper.dtd">
<mapper namespace="com.acorn.mapper.MyHewonMapper">
	<resultMap type="MyHewon" id="MyHewonResultMap">
		<id column="hewon_id" property="id"/>
		<result column="hewon_name" property="name"/>
		<result column="hewon_phone" property="phone"/>
		<result column="hewon_address" property="address"/>
		<result column="hewon_coupon" property="coupon"/>
		<result column="hewon_level" property="level"/>
	</resultMap>
	
	<resultMap type="MyHewon" id="MyHewonDiscriminatorResultMap">
		<id column="hewon_id" property="id"/>
		<result column="hewon_name" property="name"/>
		<result column="hewon_phone" property="phone"/>
		<result column="hewon_level" property="level"/>
		<!-- 검색된 컬럼값을 이용하여 서로 다른 resultMap를 사용하도록 설정하는 엘리먼트 -->
		<discriminator javaType="int" column="hewon_level">
			<case value="1" resultMap="generalResultMap"/>
			<case value="9" resultMap="vipResultMap"/>
		</discriminator>
	</resultMap>
	
	<!-- discriminator 엘리먼트에서 선언된 resultMap은 discriminator 엘리먼트를 포함한 resultMap를 상속 받아 사용할 수 있다.  -->
	<!-- extends : 다른 resultMap을 상속받아 사용 -->
	<resultMap type="MyHewon" id="generalResultMap" extends="MyHewonDiscriminatorResultMap"/>
	
	<resultMap type="MyHewon" id="vipResultMap" extends="MyHewonDiscriminatorResultMap">
		<result column="hewon_address" property="address"/>
		<result column="hewon_coupon" property="coupon"/>
	</resultMap>
	
	<insert id="insertHewon" parameterType="MyHewon">
		insert into myhewon values(#{id},#{name},#{phone},#{address},#{coupon},#{level})
	</insert>
	
	<select id="getHewonList" resultMap="MyHewonResultMap">
		select * from myhewon order by hewon_id
	</select>
	
	<select id="getHewonDiscriminatorList" resultMap="MyHewonDiscriminatorResultMap">
		select * from myhewon order by hewon_id
	</select>
	
	<!-- 
	SQL 명령에서 사용되는 외부데이타를 얻어오는 방법	
	1) 기본형에 대한 Wrapper 객체 또는 DTO(JavaBean) 객체를 이용하는 방버
	2) HashMap 객체를 이용하는 방법
	3) 인터페이스에서 @Param 어노테이션을 이용하는 방법
	-->
	<select id="getSearchLevelList" parameterType="int" resultMap="MyHewonResultMap">
		select * from myhewon where hewon_level=#{level}
	</select>
	
	<!-- DTO(JavaBean) 객체를 사용하지 않고 HashMap 객체를 이용하여 값을 전달받아 테이블에 저장 -->
	<!-- HashMap 객체를 #{Key} 형식으로 사용하면 Value 얻어와 표현 할 수 있다. -->
	<insert id="insertMapHewon" parameterType="hashmap">
		insert into myhewon values(#{id},#{name},#{phone},#{address},#{coupon},#{level})
	</insert>
	
	<!-- 이름과 전화번호를 이용하여 아이디를 검색하여 반환 -->
	<select id="getSearchId1" parameterType="hashmap" resultType="String">
		select hewon_id from myhewon where hewon_name=#{name} and hewon_phone=#{phone}
	</select>
	
	<select id="getSearchId2" resultType="String">
		select hewon_id from myhewon where hewon_name=#{name} and hewon_phone=#{phone}
	</select>
	
	<!-- 이름 또는 주소,전화번호를 이용하여 회원목록을 검색하여 반환 -->
	<!-- #{변수명 또는 필드명} : '값' => 데이타 표현 -->
	<!-- ${변수명 또는 필드명} : 값 => 컬럼명 표현 -->
	<!-- 
	<select id="getSearchHewonList" parameterType="hashmap" resultMap="MyHewonResultMap">
		select * from myhewon where ${menu}=#{value}
	</select>
	
	<select id="getSearchHewonList" parameterType="hashmap" resultMap="MyHewonResultMap">
		select * from myhewon where ${menu} like '%'||#{value}||'%'
	</select>
	-->
	<select id="getSearchHewonList" parameterType="hashmap" resultMap="MyHewonResultMap">
		<!-- 외부에서 전달된 파라메터를 이용하여 변수를 생성하는 엘리먼트 -->
		<bind name="value" value="'%'+value+'%'"/>
		select * from myhewon where ${menu} like #{value}
	</select>
</mapper>






