<?xml version="1.0" encoding="UTF-8"?>
<!DOCTYPE mapper PUBLIC "-//mybatis.org//DTD Mapper 3.0//EN"
  "http://mybatis.org/dtd/mybatis-3-mapper.dtd">
<!-- SQL 명령을 정의하기 위한 엘리먼트 => namespace : Mapper 파일의 명령을 불러오기 위한 이름 -->  
<mapper namespace="com.acorn.mapper.MyMemberXMLMapper">
	<!-- insert,update,delete 엘리먼트 : INSERT,UPDATE,DELETE 명령을 실행하기 위한 엘리먼트 -->
	<!-- id : 엘리먼트를 불러 SQL 명령을 실행하기 위한 고유이름 -->
	<!-- parameterType : SQL 명령을 실행하기 위해 외부에서 전달될 값에 대한 객체 자료형 -->
	<!-- INSERT,UPDATE,DELETE 명령은 무조건 int를 반환하므로 resultType를 선언할 필요가 없다. -->
	<insert id="insertMember" parameterType="com.acorn.dto.MyMember">
		<!-- #{변수명 또는 필드명 또는 맵키} : parameterType에 전달되는 값을 저장하는 변수명(필드명,맵키) -->
		insert into mymember values(#{id},#{password},#{name},#{phone})
	</insert>
	
	<update id="updateMember" parameterType="com.acorn.dto.MyMember">
		update mymember set password=#{password},name=#{name}
			,phone=#{phone} where id=#{id}
	</update>
	
	<delete id="deleteMember" parameterType="String">
		delete from mymember where id=#{id}
	</delete>
	
	<!-- select 엘리먼트 : SELECT 명령을 실행하기 위한 엘리먼트 -->
	<!-- id : 엘리먼트를 불러 SQL 명령을 실행하기 위한 고유이름 -->
	<!-- parameterType : SQL 명령을 실행하기 위해 외부에서 전달될 값에 대한 객체 자료형 -->
	<!-- resultType : SQL 명령을 실행하여 발생된 결과를 반환받아 저장하기 위한 객체 자료형 -->
	<select id="getMemberList" resultType="com.acorn.dto.MyMember">
		<!-- 반환된 결과가 객체인 경우 검색된 컬럼과 동일한 이름의 필드에 자동으로 저장(setter)  -->
		select * from mymember order by id asc
	</select>
	
	<select id="getMember" parameterType="String" resultType="com.acorn.dto.MyMember">
		select * from mymember where id=#{id}
	</select>
</mapper>