<?xml version="1.0" encoding="UTF-8"?>
<!DOCTYPE mapper PUBLIC "-//mybatis.org//DTD Mapper 3.0//EN"
  "http://mybatis.org/dtd/mybatis-3-mapper.dtd">
<mapper namespace="com.acorn.mapper.MyMemberXMLInterfaceMapper">
	<insert id="insertMember" parameterType="com.acorn.dto.MyMember">
		insert into mymember values(#{id},#{password},#{name},#{phone})
	</insert>
	
	<update id="updateMember" parameterType="com.acorn.dto.MyMember">
		update mymember set password=#{password},name=#{name}
			,phone=#{phone} where id=#{id}
	</update>
	
	<delete id="deleteMember" parameterType="String">
		delete from mymember where id=#{id}
	</delete>
	
	<select id="getMemberList" resultType="com.acorn.dto.MyMember">
		select * from mymember order by id asc
	</select>
	
	<select id="getMember" parameterType="String" resultType="com.acorn.dto.MyMember">
		select * from mymember where id=#{id}
	</select>
</mapper>