<?xml version="1.0" encoding="UTF-8"?>
<!DOCTYPE mapper PUBLIC "-//mybatis.org//DTD Mapper 3.0//EN"
  "http://mybatis.org/dtd/mybatis-3-mapper.dtd">
<mapper namespace="com.acorn.mapper.MyUserMapper">
	<!-- 일부분의 SQL 명령을 저장하기 위한 엘리먼트  -->
	<sql id="columns">
		user_id as userid,user_name as username
	</sql>

	<insert id="insertUser" parameterType="MyUser">
		insert into myuser values(#{userId},#{userName})
	</insert>
	
	<select id="getUser" parameterType="String" resultType="MyUser">
		select <include refid="columns"/> from myuser where user_id=#{userId}
	</select>
	
	<select id="getUserList" resultType="MyUser">
		<!-- 테이블의 컬럼명과 클래스의 필드명이 다르면 검색된 컬럼 결과가 클래스의 필드에 저장되지 않는다. -->
		<!-- select * from myuser order by user_id asc  -->
		
		<!-- 테이블의 컬럼명과 클래스의 필드명이 다른 경우 컬럼명을 필드명과 동일하게 alias 하여 선언 -->
		<!-- select user_id as userid,user_name as username from myuser order by user_id asc -->
		
		<!-- SQL 엘리먼트의 명령을 포함하여 명령을 완성 -->
		<!-- select <include refid="columns"/> from myuser order by user_id asc -->
		
		select * from myuser order by user_id asc
	</select>
</mapper>  