<?xml version="1.0" encoding="UTF-8"?>
<!DOCTYPE mapper PUBLIC "-//mybatis.org//DTD Mapper 3.0//EN"
  "http://mybatis.org/dtd/mybatis-3-mapper.dtd">
<mapper namespace="com.jquerykorea.board.BoardMapper">

    <select id="getMaxNum" resultType="int">
        select max(num) from jqueryboard
    </select>

    <update id="updateRe" parameterType="hashmap">
        update jqueryboard set re_step=re_step+1 where ref=#{ref} and re_step>#{reStep}
    </update>

    <insert id="insertArticle" parameterType="hashmap">
        insert into jqueryboard values(#{num},#{id},#{name},#{subject},#{content},sysdate,#{readCount},#{ref},#{reStep},#{reLevel})
    </insert>
    
    <update id="updateName" parameterType="String">
        update jqueryboard set name=#{name} where id=#{id}
    </update>
    
    <select id="getArticleList" parameterType="hashmap" resultType="Board">
        select * from(
          select rownum rn,temp.* from (select * from jqueryboard order by ref desc,
          re_step, num desc) temp) where rn between #{startRow} and #{endRow}
    </select>
    
    <select id="getContent" parameterType="int" resultType="Board">
        select * from jqueryboard where num=#{num}
    </select>
    
    <update id="updateArticle" parameterType="Board">
        update jqueryboard set subject=#{subject}, content=#{content} where num=#{num}
    </update>
    
    <delete id="deleteArticle" parameterType="String">
        delete from jqueryboard where num=#{num}
    </delete>
    
    <select id="getTotalArticle" resultType="int">
        select count(*) from jqueryboard
    </select>
    <select id="getTotalArticleMenu" parameterType="hashmap" resultType="int">
        select count(*) from jqueryboard where ${menu} like '%'||${keyword}||'%'
    </select>
    
</mapper>