<?xml version="1.0" encoding="UTF-8"?>
<!DOCTYPE mapper PUBLIC "-//mybatis.org//DTD Mapper 3.0//EN"
  "http://mybatis.org/dtd/mybatis-3-mapper.dtd">
<mapper namespace="com.jquerykorea.user.UserMapper">
   <insert id="insertUser" parameterType="User">
       insert into jqueryuser values(#{id},#{password},#{name},#{sex},#{email},sysdate,'일반')
   </insert>
       
   <update id="updateUser" parameterType="User">
       update jqueryuser set password=#{password},name=#{name},#{sex},#{email} where id=#{id}
   </update>
   
   <delete id="deleteUser" parameterType="String">
       delete from jqueryuser where id=#{id}
   </delete>
   
   <select id="getUser" parameterType="String" resultType="User">
       select * from jqueryuser where id=#{id}
   </select>
   
   <select id="getUserList" resultType="User">
       select * from jqueryuser order by id
   </select>

</mapper>