<?xml version="1.0" encoding="UTF-8"?>
<!DOCTYPE log4j:configuration PUBLIC "-//APACHE//DTD LOG4J 1.2//EN" "log4j.dtd">
<log4j:configuration xmlns:log4j="http://jakarta.apache.org/log4j/">

	<!-- Appenders -->
	<appender name="console" class="org.apache.log4j.ConsoleAppender">
		<param name="Target" value="System.out" />
		<layout class="org.apache.log4j.PatternLayout">
			<param name="ConversionPattern" value="%-5p: %c - %m%n" />
		</layout>
	</appender>
	
	<appender name="consoleExample" class="org.apache.log4j.ConsoleAppender">
		<layout class="org.apache.log4j.PatternLayout">
			<param name="ConversionPattern" value="[%c{1} 클래스의 %M 메소드] - %m%n" />
		</layout>
	</appender>
	
	<appender name="LOGFILE-DAILY" class="org.apache.log4j.DailyRollingFileAppender">
		<param name="File" value="daily.log"/>
		<param name="Append" value="true"/>
		<param name="DatePattern" value=".yyyy-MM-dd"/>
		<layout class="org.apache.log4j.PatternLayout">
			<param name="ConversionPattern" value="%d %-5p[%t] %-17c{2}(%13F:%L) %3x - %m%n"/>
		</layout>
	</appender>
	
	<appender name="LOGFILE-DAILY-JOIN" class="org.apache.log4j.DailyRollingFileAppender">
		<param name="File" value="daily-join.log"/>
		<param name="Append" value="true"/>
		<param name="DatePattern" value=".yyyy-MM-dd"/>
		<layout class="org.apache.log4j.PatternLayout">
			<param name="ConversionPattern" value="%d{HH:mm:ss} - %m%n"/>
		</layout>
	</appender>
	
	<!-- Application Loggers -->
	<logger name="com.acorn.jquerykorea">
		<level value="info" />
	</logger>
	
	<!-- 3rdparty Loggers -->
	<logger name="org.springframework.core">
		<level value="info" />
	</logger>
	
	<logger name="org.springframework.beans">
		<level value="info" />
	</logger>
	
	<logger name="org.springframework.context">
		<level value="info" />
	</logger>

	<logger name="org.springframework.web">
		<level value="info" />
	</logger>

	<!-- Root Logger -->
	<root>
		<priority value="warn" />
		<appender-ref ref="console" />
	</root>
	
</log4j:configuration>
