<?xml version="1.0" encoding="UTF-8"?>
<beans xmlns="http://www.springframework.org/schema/beans"
	xmlns:tx="http://www.springframework.org/schema/tx"
	xmlns:xsi="http://www.w3.org/2001/XMLSchema-instance"
	xsi:schemaLocation="http://www.springframework.org/schema/beans http://www.springframework.org/schema/beans/spring-beans.xsd
	http://www.springframework.org/schema/tx http://www.springframework.org/schema/tx/spring-tx.xsd">
	<!-- Root Context: defines shared resources visible to all other web components -->
	<!-- 모든 Front Controller들이 공통적으로 읽어 실행하기 위한 XML 파일 : 공통으로 사용될 Bean 객체 등록 -->
	
	<!-- DataSource 객체 생성 -->
	<bean class="org.springframework.jdbc.datasource.DriverManagerDataSource" id="dataSource">
		<property name="driverClassName" value="oracle.jdbc.driver.OracleDriver"/>
		<property name="url" value="jdbc:oracle:thin:@localhost:1521:XE"/>		
		<property name="username" value="scott"/>		
		<property name="password" value="tiger"/>		
	</bean>
	
	<!-- SqlSessionFactory 객체 생성 -->
	<bean class="org.mybatis.spring.SqlSessionFactoryBean" id="sqlSessionFactory">
		<property name="dataSource" ref="dataSource"/>
		<property name="configLocation" value="/WEB-INF/spring/myBatis-config.xml"/>
		<property name="mapperLocations">
			<list>
				<value>classpath:com/jquerykorea/user/*.xml</value>
			</list>
		</property>
		<property name="typeAliasesPackage" value="com.jquerykorea.dto,com.jquerykorea.user"/>
	</bean>
	
	<!-- SqlSession 객체 생성 -->
	<bean class="org.mybatis.spring.SqlSessionTemplate" id="sqlSession">
		<constructor-arg ref="sqlSessionFactory"/>
	</bean>
	
	<!-- Transaction 처리 객체 생성 -->
	<bean class="org.springframework.jdbc.datasource.DataSourceTransactionManager" id="transactionManager">
		<property name="dataSource" ref="dataSource"/>
	</bean>
	
	<!-- Annotation 기반의 Transcation 처리 설정 -->
	<tx:annotation-driven transaction-manager="transactionManager"/>
</beans>




