<?xml version="1.0" encoding="UTF-8"?>
<!DOCTYPE mapper PUBLIC "-//mybatis.org//DTD Mapper 3.0//EN"
  "http://mybatis.org/dtd/mybatis-3-mapper.dtd">
<mapper namespace="com.acorn.userinfo.UserMapper">
	<insert id="addUser" parameterType="com.acorn.userinfo.UserDTO">
		insert into userinfo values(#{userId},#{password},#{name},#{email})
	</insert>
	
	<select id="getUser" parameterType="String" resultType="com.acorn.userinfo.UserDTO">
		select * from userinfo where userId=#{userId}
	</select>
	
	<update id="modifyUser" parameterType="com.acorn.userinfo.UserDTO">
		update userinfo set password=#{password},name=#{name},email=#{email} where userid=#{userId}
	</update>
	
	<delete id="removeUser" parameterType="String">
		delete from userinfo where userid=#{userId}
	</delete>
	
	<select id="getUserList" resultType="com.acorn.userinfo.UserDTO">
		select * from userinfo order by userid
	</select>
</mapper>  